<xml xmlns="http://www.w3.org/1999/xhtml">
  <tab name="Init" type="InitTab" active="false" scrollx="39.99999999999977" scrolly="9" scale="0.9">
    <block xmlns="https://developers.google.com/blockly/xml" type="initSettings" id="jJ|xd%1v;j)k2eQQ)iT8" x="-10" y="30">
      <field name="LOAD_COMP_ASSETS">FALSE</field>
      <field name="FULLSCREEN">TRUE</field>
      <field name="BKG_TRANSPARENCY">TRUE</field>
      <field name="PRESERVE_DRAW_BUF">FALSE</field>
      <field name="FADE_ANNOTATIONS">TRUE</field>
    </block>
  </tab>
  <tab name="New Tab" type="CommonTab" active="true" scrollx="-426.1029144287111" scrolly="82.00000000000017" scale="0.9">
    <block xmlns="https://developers.google.com/blockly/xml" type="show" id="ivI[xCJrF]P5`Lu6a[E{" x="390" y="170">
      <value name="VALUE">
        <shadow type="objectList" id="]S{i~y8[BOv@IpeLW.cE">
          <field name="FIELDNAME">&lt;none&gt;</field>
        </shadow>
        <block type="groupList" id="$O;Px/O;|[x91iT=I)ay">
          <field name="FIELDNAME">farmer_group</field>
        </block>
      </value>
      <next>
        <block type="hide" id="-[m{VosTqSOm}SM`N[|s">
          <value name="VALUE">
            <shadow type="objectList" id="uB78CWC!6}VygggYU2eZ">
              <field name="FIELDNAME">&lt;none&gt;</field>
            </shadow>
            <block type="groupList" id="JOgy%LGzNbXU#DigAUJ4">
              <field name="FIELDNAME">indicator_group</field>
            </block>
          </value>
          <next>
            <block type="playAnimationAdv" id="YKh;SR/UhOYO7c*{h:$.">
              <mutation xmlns="http://www.w3.org/1999/xhtml" advplaybackoptions="true" enablewhenfinished="false"></mutation>
              <field name="REVERSED">FALSE</field>
              <field name="LOOP">LoopRepeat</field>
              <value name="VALUE">
                <shadow type="animationList" id="Ep.%P*|aF}Y~JR.|kLmL">
                  <field name="FIELDNAME">farmer_armature</field>
                </shadow>
              </value>
              <value name="FROM">
                <shadow type="math_number" id="!otsJ%b[xDL=nPo[+3_g">
                  <field name="NUM">1</field>
                </shadow>
              </value>
              <value name="TO">
                <shadow type="math_number" id="I{$jeQ7qevGAM+N?%;{~">
                  <field name="NUM">100</field>
                </shadow>
              </value>
              <value name="SPEED">
                <shadow type="math_number" id="%J;]pxLb6{pxX|OBk+|R">
                  <field name="NUM">1</field>
                </shadow>
              </value>
            </block>
          </next>
        </block>
      </next>
    </block>
    <block xmlns="https://developers.google.com/blockly/xml" type="whenClicked" id="?`HZYz!{+5v*dE=IZ-Es" inline="false" x="590" y="370">
      <mutation xmlns="http://www.w3.org/1999/xhtml" adveventoptions="false" enableifmissed="false"></mutation>
      <field name="X_RAY">FALSE</field>
      <field name="DOUBLE_CLICK">FALSE</field>
      <field name="LEFT_BUTTON">TRUE</field>
      <field name="MIDDLE_BUTTON">TRUE</field>
      <field name="RIGHT_BUTTON">TRUE</field>
      <value name="VALUE">
        <shadow type="objectList" id="MP@;6/}O5osU[x_^!;OZ">
          <field name="FIELDNAME">farmer_mesh</field>
        </shadow>
      </value>
      <statement name="DO">
        <block type="playSound" id=";Q`6CsqkXuKcpbrgHT3q">
          <field name="LOOP">FALSE</field>
          <value name="VALUE">
            <block type="loadSoundAdv" id="z;;pO__h@W:_hdduy2WP">
              <field name="TYPE">SOUND</field>
              <value name="URL">
                <shadow type="text" id="9h#j/xsGnyRBVGv:Vm5W">
                  <field name="TEXT">./sounds/hello.mp3</field>
                </shadow>
              </value>
            </block>
          </value>
          <next>
            <block type="stopAnimation" id=")q0n%l#IO8B]RxW-JO7T">
              <value name="VALUE">
                <shadow type="animationList" id="H6|_rMF9Br*PR]8YZ[Of">
                  <field name="FIELDNAME">farmer_armature</field>
                </shadow>
              </value>
              <next>
                <block type="playAnimationAdv" id="JtF0iVEUzfCEIdZ}3l]_">
                  <mutation xmlns="http://www.w3.org/1999/xhtml" advplaybackoptions="true" enablewhenfinished="true"></mutation>
                  <field name="REVERSED">FALSE</field>
                  <field name="LOOP">LoopOnce</field>
                  <value name="VALUE">
                    <shadow type="animationList" id="/zMXtM8F~$}ocKkV{@l4">
                      <field name="FIELDNAME">farmer_armature</field>
                    </shadow>
                  </value>
                  <value name="FROM">
                    <shadow type="math_number" id="jFwjkPhRBOn)7Xz;nMi%">
                      <field name="NUM">101</field>
                    </shadow>
                  </value>
                  <value name="TO">
                    <shadow type="math_number" id="6$K8f?glN#1Nh.Ib]aXn">
                      <field name="NUM">140</field>
                    </shadow>
                  </value>
                  <value name="SPEED">
                    <shadow type="math_number" id="H.ub/d!2=ND9PFSmmNY/">
                      <field name="NUM">1</field>
                    </shadow>
                  </value>
                  <statement name="DO">
                    <block type="playAnimationAdv" id="gd]#=xy[f5dRqQcmz]?V">
                      <mutation xmlns="http://www.w3.org/1999/xhtml" advplaybackoptions="true" enablewhenfinished="false"></mutation>
                      <field name="REVERSED">FALSE</field>
                      <field name="LOOP">LoopRepeat</field>
                      <value name="VALUE">
                        <shadow type="animationList" id="oL(IT1xo8*t.T{(KnJY9">
                          <field name="FIELDNAME">farmer_armature</field>
                        </shadow>
                      </value>
                      <value name="FROM">
                        <shadow type="math_number" id="^3k3+^^TJy(p8lcHdNiF">
                          <field name="NUM">1</field>
                        </shadow>
                      </value>
                      <value name="TO">
                        <shadow type="math_number" id="Qs{Xw!jq1~HzV%5Mgem*">
                          <field name="NUM">100</field>
                        </shadow>
                      </value>
                      <value name="SPEED">
                        <shadow type="math_number" id="Ax)wF_}C|GZ?@F4!oWJt">
                          <field name="NUM">1</field>
                        </shadow>
                      </value>
                    </block>
                  </statement>
                </block>
              </next>
            </block>
          </next>
        </block>
      </statement>
    </block>
    <block xmlns="https://developers.google.com/blockly/xml" type="setShadowParam" id="Pr([N1n?y!_`nkD3dV:K" x="650" y="670">
      <field name="CAST_RECEIVE">CAST</field>
      <field name="DO_WHAT">ENABLE</field>
      <value name="TARGET">
        <shadow type="objectList" id="mAXv]fhzkrwK18|F3v9P">
          <field name="FIELDNAME">farmer_mesh</field>
        </shadow>
      </value>
    </block>
  </tab>
  <editorsettings viewport-x="1134" viewport-y="37" viewport-w="768" viewport-h="487.5" viewport-hidden="false" toolbox-library-mode="false" toolbox-minimized-mode="false"></editorsettings>
</xml>