<xml xmlns="http://www.w3.org/1999/xhtml">
  <tab name="Init" type="InitTab" active="false" scrollx="39.99999999999977" scrolly="-26.999999999999886" scale="0.9">
    <block xmlns="https://developers.google.com/blockly/xml" type="initSettings" id="jJ|xd%1v;j)k2eQQ)iT8" x="-10" y="30">
      <field name="LOAD_COMP_ASSETS">FALSE</field>
      <field name="FULLSCREEN">TRUE</field>
      <field name="BKG_TRANSPARENCY">TRUE</field>
      <field name="PRESERVE_DRAW_BUF">FALSE</field>
      <field name="FADE_ANNOTATIONS">TRUE</field>
    </block>
  </tab>
  <tab name="New Tab" type="CommonTab" active="false" scrollx="-426.1029144287113" scrolly="-153" scale="0.9">
    <block xmlns="https://developers.google.com/blockly/xml" type="show" id="ivI[xCJrF]P5`Lu6a[E{" x="390" y="170">
      <value name="VALUE">
        <shadow type="objectList" id="]S{i~y8[BOv@IpeLW.cE">
          <field name="FIELDNAME">&lt;none&gt;</field>
        </shadow>
        <block type="groupList" id="$O;Px/O;|[x91iT=I)ay">
          <field name="FIELDNAME">farmer_group</field>
        </block>
      </value>
      <next>
        <block type="hide" id="-[m{VosTqSOm}SM`N[|s">
          <value name="VALUE">
            <shadow type="objectList" id="uB78CWC!6}VygggYU2eZ">
              <field name="FIELDNAME">&lt;none&gt;</field>
            </shadow>
            <block type="groupList" id="JOgy%LGzNbXU#DigAUJ4">
              <field name="FIELDNAME">indicator_group</field>
            </block>
          </value>
          <next>
            <block type="playAnimationAdv" id="YKh;SR/UhOYO7c*{h:$.">
              <mutation xmlns="http://www.w3.org/1999/xhtml" advplaybackoptions="true" enablewhenfinished="false"></mutation>
              <field name="REVERSED">FALSE</field>
              <field name="LOOP">LoopRepeat</field>
              <value name="VALUE">
                <shadow type="animationList" id="Ep.%P*|aF}Y~JR.|kLmL">
                  <field name="FIELDNAME">farmer_armature</field>
                </shadow>
              </value>
              <value name="FROM">
                <shadow type="math_number" id="!otsJ%b[xDL=nPo[+3_g">
                  <field name="NUM">1</field>
                </shadow>
              </value>
              <value name="TO">
                <shadow type="math_number" id="I{$jeQ7qevGAM+N?%;{~">
                  <field name="NUM">100</field>
                </shadow>
              </value>
              <value name="SPEED">
                <shadow type="math_number" id="%J;]pxLb6{pxX|OBk+|R">
                  <field name="NUM">1</field>
                </shadow>
              </value>
            </block>
          </next>
        </block>
      </next>
    </block>
    <block xmlns="https://developers.google.com/blockly/xml" type="whenClicked" id="?`HZYz!{+5v*dE=IZ-Es" inline="false" x="590" y="370">
      <mutation xmlns="http://www.w3.org/1999/xhtml" adveventoptions="false" enableifmissed="false"></mutation>
      <field name="X_RAY">FALSE</field>
      <field name="DOUBLE_CLICK">FALSE</field>
      <field name="LEFT_BUTTON">TRUE</field>
      <field name="MIDDLE_BUTTON">TRUE</field>
      <field name="RIGHT_BUTTON">TRUE</field>
      <value name="VALUE">
        <shadow type="objectList" id="MP@;6/}O5osU[x_^!;OZ">
          <field name="FIELDNAME">farmer_mesh</field>
        </shadow>
      </value>
      <statement name="DO">
        <block type="playSound" id=";Q`6CsqkXuKcpbrgHT3q">
          <field name="LOOP">FALSE</field>
          <value name="VALUE">
            <block type="loadSoundAdv" id="z;;pO__h@W:_hdduy2WP">
              <field name="TYPE">SOUND</field>
              <value name="URL">
                <shadow type="text" id="9h#j/xsGnyRBVGv:Vm5W">
                  <field name="TEXT">./sounds/hello.mp3</field>
                </shadow>
              </value>
            </block>
          </value>
          <next>
            <block type="stopAnimation" id=")q0n%l#IO8B]RxW-JO7T">
              <value name="VALUE">
                <shadow type="animationList" id="H6|_rMF9Br*PR]8YZ[Of">
                  <field name="FIELDNAME">farmer_armature</field>
                </shadow>
              </value>
              <next>
                <block type="playAnimationAdv" id="JtF0iVEUzfCEIdZ}3l]_">
                  <mutation xmlns="http://www.w3.org/1999/xhtml" advplaybackoptions="true" enablewhenfinished="true"></mutation>
                  <field name="REVERSED">FALSE</field>
                  <field name="LOOP">LoopOnce</field>
                  <value name="VALUE">
                    <shadow type="animationList" id="/zMXtM8F~$}ocKkV{@l4">
                      <field name="FIELDNAME">farmer_armature</field>
                    </shadow>
                  </value>
                  <value name="FROM">
                    <shadow type="math_number" id="jFwjkPhRBOn)7Xz;nMi%">
                      <field name="NUM">101</field>
                    </shadow>
                  </value>
                  <value name="TO">
                    <shadow type="math_number" id="6$K8f?glN#1Nh.Ib]aXn">
                      <field name="NUM">140</field>
                    </shadow>
                  </value>
                  <value name="SPEED">
                    <shadow type="math_number" id="H.ub/d!2=ND9PFSmmNY/">
                      <field name="NUM">1</field>
                    </shadow>
                  </value>
                  <statement name="DO">
                    <block type="playAnimationAdv" id="gd]#=xy[f5dRqQcmz]?V">
                      <mutation xmlns="http://www.w3.org/1999/xhtml" advplaybackoptions="true" enablewhenfinished="false"></mutation>
                      <field name="REVERSED">FALSE</field>
                      <field name="LOOP">LoopRepeat</field>
                      <value name="VALUE">
                        <shadow type="animationList" id="oL(IT1xo8*t.T{(KnJY9">
                          <field name="FIELDNAME">farmer_armature</field>
                        </shadow>
                      </value>
                      <value name="FROM">
                        <shadow type="math_number" id="^3k3+^^TJy(p8lcHdNiF">
                          <field name="NUM">1</field>
                        </shadow>
                      </value>
                      <value name="TO">
                        <shadow type="math_number" id="Qs{Xw!jq1~HzV%5Mgem*">
                          <field name="NUM">100</field>
                        </shadow>
                      </value>
                      <value name="SPEED">
                        <shadow type="math_number" id="Ax)wF_}C|GZ?@F4!oWJt">
                          <field name="NUM">1</field>
                        </shadow>
                      </value>
                    </block>
                  </statement>
                </block>
              </next>
            </block>
          </next>
        </block>
      </statement>
    </block>
    <block xmlns="https://developers.google.com/blockly/xml" type="setShadowParam" id="Pr([N1n?y!_`nkD3dV:K" x="650" y="670">
      <field name="CAST_RECEIVE">CAST</field>
      <field name="DO_WHAT">ENABLE</field>
      <value name="TARGET">
        <shadow type="objectList" id="mAXv]fhzkrwK18|F3v9P">
          <field name="FIELDNAME">farmer_mesh</field>
        </shadow>
      </value>
    </block>
  </tab>
  <tab name="ar" type="CommonTab" active="true" scrollx="-192.62863680807118" scrolly="121.18286547592388" scale="0.8999999999999999">
    <variables xmlns="https://developers.google.com/blockly/xml">
      <variable id="p[Fl_fCA.OT|s4V6aW]e">id</variable>
    </variables>
    <block xmlns="https://developers.google.com/blockly/xml" type="checkARMode" id="wbkDeuqim(vA.Khv;[VB" x="110" y="110">
      <statement name="DO_AVAIL">
        <block type="eventHTMLElem" id="iA8jnEMs9~n[HO9Xb[O(">
          <field name="EVENT">pointerup</field>
          <field name="PARENT">FALSE</field>
          <value name="ID">
            <shadow type="text" id="syr70~7`EPzW|LtCXVg`">
              <field name="TEXT"></field>
            </shadow>
            <block type="text" id="#jzSLJ6R/NCE9kg--M_N">
              <field name="TEXT">enter_ar_button</field>
            </block>
          </value>
          <statement name="DO">
            <block type="enterARMode" id="hCbIfOsMQc)fzPbMe5Kd">
              <field name="REF_SPACE">ORIGIN</field>
              <field name="ALLOW_HTML">TRUE</field>
              <statement name="DO_ENTER">
                <block type="hide" id="]n00-0]RlA,a.,6m/|ZG">
                  <value name="VALUE">
                    <shadow type="objectList" id="WDpj!]^q^[3^^a3k}@=:">
                      <field name="FIELDNAME">&lt;none&gt;</field>
                    </shadow>
                    <block type="groupList" id="7|wCW~`;Ek^9@^SNRBZi">
                      <field name="FIELDNAME">farmer_group</field>
                    </block>
                  </value>
                  <next>
                    <block type="show" id="xE)Q4[bv}lt{8VK[UnVl">
                      <value name="VALUE">
                        <shadow type="objectList" id="1:2H7~oGF4deVsHPtW.i">
                          <field name="FIELDNAME">prompt_move_around</field>
                        </shadow>
                      </value>
                      <next>
                        <block type="arHitTest" id="}Z4kH|zlKk7*%l5=RW3D">
                          <value name="SMOOTH">
                            <shadow type="math_number" id="7ni/n0U_LJDzubyRP=e:">
                              <field name="NUM">0.7</field>
                            </shadow>
                          </value>
                          <statement name="DO_HIT">
                            <block type="show" id="?$rvS]n:)WUSgmD-oW[~">
                              <value name="VALUE">
                                <shadow type="objectList" id="2z*!--mY^7-w/:HLZL?;">
                                  <field name="FIELDNAME">&lt;none&gt;</field>
                                </shadow>
                                <block type="groupList" id=";F$MH6brLY:5L{-*@1zX">
                                  <field name="FIELDNAME">indicator_group</field>
                                </block>
                              </value>
                              <next>
                                <block type="hide" id="r*/s73m7e)G7^9rG3(We">
                                  <value name="VALUE">
                                    <shadow type="objectList" id="WDpj!]^q^[3^^a3k}@=:">
                                      <field name="FIELDNAME">prompt_move_around</field>
                                    </shadow>
                                  </value>
                                  <next>
                                    <block type="setObjTransform" id="r18-!KPE[RT^VYUUQe3:">
                                      <mutation xmlns="http://www.w3.org/1999/xhtml" usevectorslot="false" useworldspace="false"></mutation>
                                      <field name="MODE">position</field>
                                      <field name="OFFSET">FALSE</field>
                                      <value name="TARGETOBJ">
                                        <shadow type="objectList" id=".hT}{Tb;hR=}?H3QDhIO">
                                          <field name="FIELDNAME">indicator_invis_plane</field>
                                        </shadow>
                                      </value>
                                      <value name="X">
                                        <block type="arHitPoint" id="9Jp+yuTQX{iwK0Bqyk$L">
                                          <field name="COORD">x</field>
                                        </block>
                                      </value>
                                      <value name="Y">
                                        <block type="arHitPoint" id="Ss^*-R6:C0Xb@.OV-Hzq">
                                          <field name="COORD">y</field>
                                        </block>
                                      </value>
                                      <value name="Z">
                                        <block type="arHitPoint" id="F+?N9J=u`$:BM*.;Bc#B">
                                          <field name="COORD">z</field>
                                        </block>
                                      </value>
                                    </block>
                                  </next>
                                </block>
                              </next>
                            </block>
                          </statement>
                          <statement name="DO_MISS">
                            <block type="hide" id=".#[DE4@3F:hqXA6QrRfY">
                              <value name="VALUE">
                                <shadow type="objectList" id="4N(`ozN{}_/pX9Lj)WR0">
                                  <field name="FIELDNAME">&lt;none&gt;</field>
                                </shadow>
                                <block type="groupList" id="X.BAyLI)=vzW~y+48BoB">
                                  <field name="FIELDNAME">indicator_group</field>
                                </block>
                              </value>
                            </block>
                          </statement>
                          <next>
                            <block type="setHTMLElemStyle" id=")Ihw_s|xnW.UqD{/bLRV">
                              <field name="PROPERTY">display</field>
                              <field name="PARENT">FALSE</field>
                              <value name="VALUE">
                                <block type="text" id="WJ06^}:Db(q?x~fVK~CZ">
                                  <field name="TEXT">none</field>
                                </block>
                              </value>
                              <value name="ID">
                                <shadow type="text" id=":E%pVo~8$Rs0-Cx+=,w/">
                                  <field name="TEXT"></field>
                                </shadow>
                                <block type="text" id="V=P%hoX0dIq2[gF*9qH.">
                                  <field name="TEXT">enter_ar_button</field>
                                </block>
                              </value>
                            </block>
                          </next>
                        </block>
                      </next>
                    </block>
                  </next>
                </block>
              </statement>
              <statement name="DO_EXIT">
                <block type="show" id="M0F*m=h3xVUgw%teZE.x">
                  <value name="VALUE">
                    <shadow type="objectList" id="`lFRqWHR5P)Q2`%)-mOZ">
                      <field name="FIELDNAME">&lt;none&gt;</field>
                    </shadow>
                    <block type="groupList" id="@[2$0yUkS,2mw+4/-`#]">
                      <field name="FIELDNAME">farmer_group</field>
                    </block>
                  </value>
                  <next>
                    <block type="hide" id="/Uu7KOxpM1q)sOdA|Pn$">
                      <value name="VALUE">
                        <shadow type="objectList" id="y-p]1Ft6eB/c_[B6,%8e">
                          <field name="FIELDNAME">prompt_move_around</field>
                        </shadow>
                      </value>
                      <next>
                        <block type="setObjTransform" id="6;Qisu;A;=`GEbCM5O%P">
                          <mutation xmlns="http://www.w3.org/1999/xhtml" usevectorslot="true" useworldspace="false"></mutation>
                          <field name="MODE">position</field>
                          <field name="OFFSET">FALSE</field>
                          <value name="TARGETOBJ">
                            <shadow type="objectList" id="04OGCCq@wng=H+nX4_(D">
                              <field name="FIELDNAME">farmer_armature</field>
                            </shadow>
                          </value>
                          <value name="USE_VECTOR">
                            <block type="createVector" id="=MQ^[RP_Ix-7/)z,0C02">
                              <value name="X">
                                <shadow type="math_number" id="X,v|jz8[5jA7d~Z-q9v%">
                                  <field name="NUM">0</field>
                                </shadow>
                              </value>
                              <value name="Y">
                                <shadow type="math_number" id="VOh#$KT1FYbD60^V(U/v">
                                  <field name="NUM">0</field>
                                </shadow>
                              </value>
                              <value name="Z">
                                <shadow type="math_number" id="T{*CMwN_ur]4T7S0mT32">
                                  <field name="NUM">0</field>
                                </shadow>
                              </value>
                            </block>
                          </value>
                          <next>
                            <block type="setObjDirection" id="XDP?HG{z?PdQY6^N?D0N">
                              <mutation xmlns="http://www.w3.org/1999/xhtml" usevectorslot="true"></mutation>
                              <field name="POINT">TRUE</field>
                              <field name="LOCK_UP">TRUE</field>
                              <value name="TARGETOBJ">
                                <shadow type="objectList" id="cn8e}8a?D~Ssn@VnEqi]">
                                  <field name="FIELDNAME">farmer_armature</field>
                                </shadow>
                              </value>
                              <value name="USE_VECTOR">
                                <block type="getObjTransform" id="dvI2vwMfwLa64K~Z;iu$">
                                  <mutation xmlns="http://www.w3.org/1999/xhtml" useworldspace="false"></mutation>
                                  <field name="MODE">position</field>
                                  <field name="COORD">xyz</field>
                                  <value name="TARGETOBJ">
                                    <shadow type="objectList" id="F=Ys4k~_zvZnr*-gXXjB">
                                      <field name="FIELDNAME">Camera</field>
                                    </shadow>
                                  </value>
                                </block>
                              </value>
                              <next>
                                <block type="setHTMLElemStyle" id="z~gKy^aE#[/jT~d5#-R#">
                                  <field name="PROPERTY">display</field>
                                  <field name="PARENT">FALSE</field>
                                  <value name="VALUE">
                                    <block type="text" id="q2O%Dl.cvea%kV}|k{kO">
                                      <field name="TEXT">block</field>
                                    </block>
                                  </value>
                                  <value name="ID">
                                    <shadow type="text" id=":E%pVo~8$Rs0-Cx+=,w/">
                                      <field name="TEXT"></field>
                                    </shadow>
                                    <block type="text" id="yc9{`d}as_|~0Gm4qdk^">
                                      <field name="TEXT">enter_ar_button</field>
                                    </block>
                                  </value>
                                </block>
                              </next>
                            </block>
                          </next>
                        </block>
                      </next>
                    </block>
                  </next>
                </block>
              </statement>
              <statement name="DO_UNAVAIL">
                <block type="procedures_callnoreturn" id=",[vY*WdI|!dF!6n~rpaf">
                  <mutation name="show warning">
                    <arg name="id"></arg>
                  </mutation>
                  <value name="ARG0">
                    <block type="text" id="VD7p/cQR~fa?*%5_}R`L">
                      <field name="TEXT">could_not_enter_ar</field>
                    </block>
                  </value>
                </block>
              </statement>
            </block>
          </statement>
        </block>
      </statement>
      <statement name="DO_UNAVAIL">
        <block type="eventHTMLElem" id="4]`J!m)Oh;d,O:+f((*_">
          <field name="EVENT">pointerup</field>
          <field name="PARENT">FALSE</field>
          <value name="ID">
            <shadow type="text" id="82jZ`ZEJiW_::7$L74jp">
              <field name="TEXT"></field>
            </shadow>
            <block type="text" id="Ce$+41Q]WXI?NQKqeyw=">
              <field name="TEXT">enter_ar_button</field>
            </block>
          </value>
          <statement name="DO">
            <block type="procedures_callnoreturn" id="Pd1OP|M}?f+ojJHPH*y=">
              <mutation name="show warning">
                <arg name="id"></arg>
              </mutation>
              <value name="ARG0">
                <block type="text" id="u6qVtNCE/qUM}V3/%mF_">
                  <field name="TEXT">warning_ar_unavailable</field>
                </block>
              </value>
            </block>
          </statement>
        </block>
      </statement>
    </block>
    <block xmlns="https://developers.google.com/blockly/xml" type="whenClicked" id="$q3qlD}xKJKa#u^+0eD+" inline="false" x="1470" y="710">
      <mutation xmlns="http://www.w3.org/1999/xhtml" adveventoptions="false" enableifmissed="false"></mutation>
      <field name="X_RAY">FALSE</field>
      <field name="DOUBLE_CLICK">FALSE</field>
      <field name="LEFT_BUTTON">TRUE</field>
      <field name="MIDDLE_BUTTON">TRUE</field>
      <field name="RIGHT_BUTTON">TRUE</field>
      <value name="VALUE">
        <shadow type="objectList" id="gs]+e`19CdnHL1MXpIr~">
          <field name="FIELDNAME">indicator_invis_plane</field>
        </shadow>
      </value>
      <statement name="DO">
        <block type="show" id="9pV3|doSfs.316B{en!t">
          <value name="VALUE">
            <shadow type="objectList" id="bu]4t5bA.kLv;h/52c.s">
              <field name="FIELDNAME">&lt;none&gt;</field>
            </shadow>
            <block type="groupList" id="iPq+f^U|F!D~e_NTzN8U">
              <field name="FIELDNAME">farmer_group</field>
            </block>
          </value>
          <next>
            <block type="setObjTransform" id="9_q1A|+6p;M.$Es1CD%2">
              <mutation xmlns="http://www.w3.org/1999/xhtml" usevectorslot="false" useworldspace="false"></mutation>
              <field name="MODE">position</field>
              <field name="OFFSET">FALSE</field>
              <value name="TARGETOBJ">
                <shadow type="objectList" id="{BoxbjBsfQ(^nHMa*;Na">
                  <field name="FIELDNAME">farmer_armature</field>
                </shadow>
              </value>
              <value name="X">
                <block type="arHitPoint" id="}d)lRGh?*L4u7KY77|cu">
                  <field name="COORD">x</field>
                </block>
              </value>
              <value name="Y">
                <block type="arHitPoint" id="e/OH.,[JDFBP|J^`_k6$">
                  <field name="COORD">y</field>
                </block>
              </value>
              <value name="Z">
                <block type="arHitPoint" id="msXm10,eFZ,dTOxq~j%c">
                  <field name="COORD">z</field>
                </block>
              </value>
              <next>
                <block type="setObjDirection" id="mHoN`pl;9`HiR!xds]],">
                  <mutation xmlns="http://www.w3.org/1999/xhtml" usevectorslot="true"></mutation>
                  <field name="POINT">TRUE</field>
                  <field name="LOCK_UP">TRUE</field>
                  <value name="TARGETOBJ">
                    <shadow type="objectList" id="jBCx+[20=lU9$-@@V1HT">
                      <field name="FIELDNAME">farmer_armature</field>
                    </shadow>
                  </value>
                  <value name="USE_VECTOR">
                    <block type="getObjTransform" id="{]54U2yCiSMa@FGh@3TM">
                      <mutation xmlns="http://www.w3.org/1999/xhtml" useworldspace="false"></mutation>
                      <field name="MODE">position</field>
                      <field name="COORD">xyz</field>
                      <value name="TARGETOBJ">
                        <shadow type="objectList" id="=TwtuY(wISyy9NVG+,/E">
                          <field name="FIELDNAME">Camera</field>
                        </shadow>
                      </value>
                    </block>
                  </value>
                </block>
              </next>
            </block>
          </next>
        </block>
      </statement>
    </block>
    <block xmlns="https://developers.google.com/blockly/xml" type="procedures_defnoreturn" id="vX!a4LI1aw#;xw{OU(qW" x="530" y="930">
      <mutation>
        <arg name="id" varid="p[Fl_fCA.OT|s4V6aW]e"></arg>
      </mutation>
      <field name="NAME">show warning</field>
      <comment pinned="false" h="80" w="160">Describe this function...</comment>
      <statement name="STACK">
        <block type="setHTMLElemStyle" id="u?qe+8@TY5AUFN?tb-i0">
          <field name="PROPERTY">display</field>
          <field name="PARENT">FALSE</field>
          <value name="VALUE">
            <block type="text" id="8K41+0%0q)I4W$iF-LOh">
              <field name="TEXT">block</field>
            </block>
          </value>
          <value name="ID">
            <shadow type="text" id="s)jc5tFGM|ymG3c+#sIR">
              <field name="TEXT"></field>
            </shadow>
            <block type="text" id="BdFXxNFWosI]fzbZC!y{">
              <field name="TEXT">warning_message_div</field>
            </block>
          </value>
          <next>
            <block type="setHTMLElemStyle" id="IoUD|Vkak9C00o,$_}(s">
              <field name="PROPERTY">display</field>
              <field name="PARENT">FALSE</field>
              <value name="VALUE">
                <block type="text" id="#yGNQEY:$WUGHt=FVmnf">
                  <field name="TEXT">block</field>
                </block>
              </value>
              <value name="ID">
                <shadow type="text" id="s)jc5tFGM|ymG3c+#sIR">
                  <field name="TEXT"></field>
                </shadow>
                <block type="variables_get" id="?:}MZWX$[En}Sep,Ex%T">
                  <field name="VAR" id="p[Fl_fCA.OT|s4V6aW]e">id</field>
                </block>
              </value>
              <next>
                <block type="setTimeout" id="xsH2IeqmmB:w*9_;a$2k">
                  <value name="VALUE">
                    <shadow type="math_number" id="}W]qz}3ojbV6:gTU^Y3J">
                      <field name="NUM">4</field>
                    </shadow>
                  </value>
                  <statement name="DO">
                    <block type="setHTMLElemStyle" id="Y0fvXamrdLOG/ymF]Isy">
                      <field name="PROPERTY">display</field>
                      <field name="PARENT">FALSE</field>
                      <value name="VALUE">
                        <block type="text" id="P8NPfY2[W=h`5k2W#c#h">
                          <field name="TEXT">none</field>
                        </block>
                      </value>
                      <value name="ID">
                        <shadow type="text" id="s)jc5tFGM|ymG3c+#sIR">
                          <field name="TEXT"></field>
                        </shadow>
                        <block type="text" id="k0:U!m)*iFHmjPkhFj,[">
                          <field name="TEXT">warning_message_div</field>
                        </block>
                      </value>
                      <next>
                        <block type="setHTMLElemStyle" id="d3|1[@yTsBeuw0{n4*F;">
                          <field name="PROPERTY">display</field>
                          <field name="PARENT">FALSE</field>
                          <value name="VALUE">
                            <block type="text" id="Kpf4wY}4+^;Df`$g{.|R">
                              <field name="TEXT">none</field>
                            </block>
                          </value>
                          <value name="ID">
                            <shadow type="text" id="s)jc5tFGM|ymG3c+#sIR">
                              <field name="TEXT"></field>
                            </shadow>
                            <block type="variables_get" id="*/Ix_+]shXdoRWOSz$@+">
                              <field name="VAR" id="p[Fl_fCA.OT|s4V6aW]e">id</field>
                            </block>
                          </value>
                        </block>
                      </next>
                    </block>
                  </statement>
                </block>
              </next>
            </block>
          </next>
        </block>
      </statement>
    </block>
  </tab>
  <editorsettings viewport-x="1134" viewport-y="37" viewport-w="768" viewport-h="487.5" viewport-hidden="false" toolbox-library-mode="false" toolbox-minimized-mode="false"></editorsettings>
</xml>